{
    "$schema": "https://schema.management.azure.com/schemas/2015-01-01/deploymentParameters.json#",
    "contentVersion": "1.0.0.0",
    "parameters": {
        "factoryName": {
            "value": "easypeasybiadf"
        },
        "dataFactory_properties_globalParameters_CONTAINER_value": {
            "value": ""
        },
        "dataFactory_properties_globalParameters_DATALAKE_value": {
            "value": ""
        },
        "dataFactory_location": {
            "value": "switzerlandnorth"
        },
        "dataFactory_identity_type": {
            "value": "SystemAssigned"
        }
    }
}