{
    "$schema": "http://schema.management.azure.com/schemas/2015-01-01/deploymentTemplate.json#",
    "contentVersion": "1.0.0.0",
    "parameters": {
        "factoryName": {
            "type": "string",
            "metadata": "Data Factory name",
            "defaultValue": "easypeasybiadf"
        },
        "dataFactory_properties_globalParameters_CONTAINER_value": {
            "type": "string"
        },
        "dataFactory_properties_globalParameters_DATALAKE_value": {
            "type": "string"
        },
        "dataFactory_location": {
            "type": "string",
            "defaultValue": "switzerlandnorth"
        },
        "dataFactory_identity_type": {
            "type": "string",
            "defaultValue": "SystemAssigned"
        }
    },
    "variables": {
        "factoryId": "[concat('Microsoft.DataFactory/factories/', parameters('factoryName'))]"
    },
    "resources": [
        {
            "name": "[parameters('factoryName')]",
            "type": "Microsoft.DataFactory/factories",
            "apiVersion": "2018-06-01",
            "properties": {
                "globalParameters": {
                    "CONTAINER": {
                        "type": "string",
                        "value": "[parameters('dataFactory_properties_globalParameters_CONTAINER_value')]"
                    },
                    "DATALAKE": {
                        "type": "string",
                        "value": "[parameters('dataFactory_properties_globalParameters_DATALAKE_value')]"
                    }
                }
            },
            "dependsOn": [],
            "location": "[parameters('dataFactory_location')]",
            "identity": {
                "type": "[parameters('dataFactory_identity_type')]",
                "principalId": "2361eca2-bae6-470e-a789-d44c9d62b91c",
                "tenantId": "0e3603bd-2f0b-43e2-b9b5-5d456791cf33"
            }
        }
    ]
}