{
    "$schema": "http://schema.management.azure.com/schemas/2015-01-01/deploymentTemplate.json#",
    "contentVersion": "1.0.0.0",
    "parameters": {
        "factoryName": {
            "type": "string",
            "metadata": "Data Factory name",
            "defaultValue": "easypeasybiadf"
        },
        "SYNAPSE_connectionString": {
            "type": "secureString",
            "metadata": "Secure string for 'connectionString' of 'SYNAPSE'"
        },
        "storage_properties_typeProperties_url": {
            "type": "string"
        }
    },
    "variables": {
        "factoryId": "[concat('Microsoft.DataFactory/factories/', parameters('factoryName'))]"
    },
    "resources": [
        {
            "name": "[concat(parameters('factoryName'), '/FILE_LISTER')]",
            "type": "Microsoft.DataFactory/factories/pipelines",
            "apiVersion": "2018-06-01",
            "properties": {
                "activities": [
                    {
                        "name": "2- Until queue is empty",
                        "description": "",
                        "type": "Until",
                        "dependsOn": [
                            {
                                "activity": "1-Set initial path",
                                "dependencyConditions": [
                                    "Succeeded"
                                ]
                            }
                        ],
                        "userProperties": [
                            {
                                "name": "FOLDER_PARSED",
                                "value": "@variables('CurrentFolderPatch')"
                            }
                        ],
                        "typeProperties": {
                            "expression": {
                                "value": "@empty(variables('Queue'))",
                                "type": "Expression"
                            },
                            "activities": [
                                {
                                    "name": "2_9 - Add path to file and load in _tmpList",
                                    "description": "Add the current path to the file property.This will be used to loop through sub-folder.",
                                    "type": "SetVariable",
                                    "dependsOn": [
                                        {
                                            "activity": "2_8 - Union filter get meta plus _ListFile",
                                            "dependencyConditions": [
                                                "Succeeded"
                                            ]
                                        }
                                    ],
                                    "userProperties": [],
                                    "typeProperties": {
                                        "variableName": "_tmpList",
                                        "value": {
                                            "value": "@json(\n    replace(string(\n            variables('_tmpQueue')\n            ),\n        '\"name\":\"',\n        concat('\"name\":\"',variables('CurrentFolderPatch'),'/')\n    )\n)",
                                            "type": "Expression"
                                        }
                                    }
                                },
                                {
                                    "name": "2_6 - Filter only files using -tmpQUeue as source",
                                    "description": "Filter file using the \"type\" property.",
                                    "type": "Filter",
                                    "dependsOn": [
                                        {
                                            "activity": "2_5 - Store outpout of meta in _tmpQueue",
                                            "dependencyConditions": [
                                                "Succeeded"
                                            ]
                                        }
                                    ],
                                    "userProperties": [],
                                    "typeProperties": {
                                        "items": {
                                            "value": "@variables('_tmpQueue')",
                                            "type": "Expression"
                                        },
                                        "condition": {
                                            "value": "@equals(item().type,'File')",
                                            "type": "Expression"
                                        }
                                    }
                                },
                                {
                                    "name": "2_7 - Set _List files with value of ListFiles",
                                    "description": "Self-referencing variable is not possible yet therefore it required to store ListFiles inside _ListFiles.",
                                    "type": "SetVariable",
                                    "dependsOn": [
                                        {
                                            "activity": "2_6 - Filter only files using -tmpQUeue as source",
                                            "dependencyConditions": [
                                                "Succeeded"
                                            ]
                                        }
                                    ],
                                    "userProperties": [],
                                    "typeProperties": {
                                        "variableName": "_ListFiles",
                                        "value": {
                                            "value": "@variables('ListFiles')",
                                            "type": "Expression"
                                        }
                                    }
                                },
                                {
                                    "name": "2_8 - Union filter get meta plus _ListFile",
                                    "description": "Add new files to ListFIles using _ListFiles",
                                    "type": "SetVariable",
                                    "dependsOn": [
                                        {
                                            "activity": "2_7 - Set _List files with value of ListFiles",
                                            "dependencyConditions": [
                                                "Succeeded"
                                            ]
                                        }
                                    ],
                                    "userProperties": [],
                                    "typeProperties": {
                                        "variableName": "ListFiles",
                                        "value": {
                                            "value": "@union(\njson(replace(string(activity('2_6 - Filter only files using -tmpQUeue as source').output.Value),\n        '\"name\":',\n        concat('\"path\":\"',variables('CurrentFolderPatch'),'\",\"name\":')\n        )),\nvariables('_ListFiles'))",
                                            "type": "Expression"
                                        }
                                    }
                                },
                                {
                                    "name": "2_10 - Filter folder",
                                    "description": "Filter folder only using the type property.",
                                    "type": "Filter",
                                    "dependsOn": [
                                        {
                                            "activity": "2_9 - Add path to file and load in _tmpList",
                                            "dependencyConditions": [
                                                "Succeeded"
                                            ]
                                        }
                                    ],
                                    "userProperties": [],
                                    "typeProperties": {
                                        "items": {
                                            "value": "@variables('_tmpList')",
                                            "type": "Expression"
                                        },
                                        "condition": {
                                            "value": "@equals(item().type,'Folder')",
                                            "type": "Expression"
                                        }
                                    }
                                },
                                {
                                    "name": "2_11 - Set _temp Queue with value of Queue",
                                    "description": "Self-referencing variable is not possible yet therefore it required to store Queue inside Queue in order to add list of new folder inside Queue.",
                                    "type": "SetVariable",
                                    "dependsOn": [
                                        {
                                            "activity": "2_10 - Filter folder",
                                            "dependencyConditions": [
                                                "Succeeded"
                                            ]
                                        }
                                    ],
                                    "userProperties": [],
                                    "typeProperties": {
                                        "variableName": "_tmpQueue",
                                        "value": {
                                            "value": "@variables('Queue')",
                                            "type": "Expression"
                                        }
                                    }
                                },
                                {
                                    "name": "2_12 - Test if list subfolder is empty",
                                    "description": "Test is there is new subfolder inside the current folder.",
                                    "type": "IfCondition",
                                    "dependsOn": [
                                        {
                                            "activity": "2_11 - Set _temp Queue with value of Queue",
                                            "dependencyConditions": [
                                                "Succeeded"
                                            ]
                                        }
                                    ],
                                    "userProperties": [],
                                    "typeProperties": {
                                        "expression": {
                                            "value": "@empty(activity('2_10 - Filter folder').output.Value)",
                                            "type": "Expression"
                                        },
                                        "ifFalseActivities": [
                                            {
                                                "name": "2_12_1 With subfolder",
                                                "description": "In this case the current folder have sub-folder so we need to add them to the list of subfolder to parse in the Queue.",
                                                "type": "SetVariable",
                                                "dependsOn": [],
                                                "userProperties": [],
                                                "typeProperties": {
                                                    "variableName": "Queue",
                                                    "value": {
                                                        "value": "@if(pipeline().parameters.SUBFOLDER_SEARCH,union(\n    activity('2_10 - FIlter folder').output.Value,\n    variables('_tmpQueue')\n    ),json(''))",
                                                        "type": "Expression"
                                                    }
                                                }
                                            }
                                        ]
                                    }
                                },
                                {
                                    "name": "2_1 - Set Current Folder Path",
                                    "type": "SetVariable",
                                    "dependsOn": [],
                                    "userProperties": [],
                                    "typeProperties": {
                                        "variableName": "CurrentFolderPatch",
                                        "value": {
                                            "value": "@first(variables('Queue')).name",
                                            "type": "Expression"
                                        }
                                    }
                                },
                                {
                                    "name": "2_4 - Get Metadata",
                                    "type": "GetMetadata",
                                    "dependsOn": [
                                        {
                                            "activity": "2_3-Set Queue",
                                            "dependencyConditions": [
                                                "Succeeded"
                                            ]
                                        }
                                    ],
                                    "policy": {
                                        "timeout": "7.00:00:00",
                                        "retry": 0,
                                        "retryIntervalInSeconds": 30,
                                        "secureOutput": false,
                                        "secureInput": false
                                    },
                                    "userProperties": [],
                                    "typeProperties": {
                                        "dataset": {
                                            "referenceName": "LIST_FILE",
                                            "type": "DatasetReference",
                                            "parameters": {
                                                "CONTAINER": {
                                                    "value": "@pipeline().globalParameters.CONTAINER",
                                                    "type": "Expression"
                                                },
                                                "FOLDER_PATH": {
                                                    "value": "@variables('CurrentFolderPatch')",
                                                    "type": "Expression"
                                                }
                                            }
                                        },
                                        "fieldList": [
                                            "childItems"
                                        ],
                                        "storeSettings": {
                                            "type": "AzureBlobFSReadSettings",
                                            "recursive": true,
                                            "enablePartitionDiscovery": false
                                        },
                                        "formatSettings": {
                                            "type": "JsonReadSettings"
                                        }
                                    }
                                },
                                {
                                    "name": "2_5 - Store outpout of meta in _tmpQueue",
                                    "type": "SetVariable",
                                    "dependsOn": [
                                        {
                                            "activity": "2_4 - Get Metadata",
                                            "dependencyConditions": [
                                                "Succeeded"
                                            ]
                                        }
                                    ],
                                    "userProperties": [],
                                    "typeProperties": {
                                        "variableName": "_tmpQueue",
                                        "value": {
                                            "value": "@activity('2_4 - Get Metadata').output.childItems",
                                            "type": "Expression"
                                        }
                                    }
                                },
                                {
                                    "name": "2_2 - Set _tmpQUeue with Queue",
                                    "type": "SetVariable",
                                    "dependsOn": [
                                        {
                                            "activity": "2_1 - Set Current Folder Path",
                                            "dependencyConditions": [
                                                "Succeeded"
                                            ]
                                        }
                                    ],
                                    "userProperties": [],
                                    "typeProperties": {
                                        "variableName": "_tmpQueue",
                                        "value": {
                                            "value": "@variables('Queue')",
                                            "type": "Expression"
                                        }
                                    }
                                },
                                {
                                    "name": "2_3-Set Queue",
                                    "type": "SetVariable",
                                    "dependsOn": [
                                        {
                                            "activity": "2_2 - Set _tmpQUeue with Queue",
                                            "dependencyConditions": [
                                                "Succeeded"
                                            ]
                                        }
                                    ],
                                    "userProperties": [],
                                    "typeProperties": {
                                        "variableName": "Queue",
                                        "value": {
                                            "value": "@if(greater(length(variables('_tmpQueue')),1),\njson(\n        replace( \n            string(variables('_tmpQueue')),\n            concat(string(first(variables('_tmpQueue'))),','),\n            ''\n            )\n        ),\n        json(\n        replace( \n            string(variables('_tmpQueue')),\n            string(first(variables('_tmpQueue'))),\n            ''\n            )\n        )\n        )\n    \n",
                                            "type": "Expression"
                                        }
                                    }
                                }
                            ],
                            "timeout": "0.00:6:30"
                        }
                    },
                    {
                        "name": "1-Set initial path",
                        "type": "SetVariable",
                        "dependsOn": [],
                        "userProperties": [],
                        "typeProperties": {
                            "variableName": "Queue",
                            "value": {
                                "value": "@json(concat('[{\"name\":\"/',pipeline().parameters.INITIAL_PATH,'\"}]'))",
                                "type": "Expression"
                            }
                        }
                    }
                ],
                "policy": {
                    "elapsedTimeMetric": {},
                    "cancelAfter": {}
                },
                "parameters": {
                    "INITIAL_PATH": {
                        "type": "string",
                        "defaultValue": "dim"
                    },
                    "SUBFOLDER_SEARCH": {
                        "type": "bool",
                        "defaultValue": true
                    },
                    "CONTAINER": {
                        "type": "string",
                        "defaultValue": "presentationlayer"
                    }
                },
                "variables": {
                    "Queue": {
                        "type": "Array",
                        "defaultValue": [
                            {
                                "name": "inutile",
                                "type": "inutile"
                            }
                        ]
                    },
                    "CurrentFolderPatch": {
                        "type": "String"
                    },
                    "_tmpQueue": {
                        "type": "Array"
                    },
                    "ListFiles": {
                        "type": "Array"
                    },
                    "_ListFiles": {
                        "type": "Array"
                    },
                    "_tmpList": {
                        "type": "Array"
                    }
                },
                "folder": {
                    "name": "DATA"
                },
                "annotations": []
            },
            "dependsOn": [
                "[concat(variables('factoryId'), '/datasets/LIST_FILE')]"
            ]
        },
        {
            "name": "[concat(parameters('factoryName'), '/IMPORT_EXTERNAL')]",
            "type": "Microsoft.DataFactory/factories/pipelines",
            "apiVersion": "2018-06-01",
            "properties": {
                "activities": [
                    {
                        "name": "IMPORT_EXTERNAL_DIMCUSTOMER",
                        "type": "Copy",
                        "dependsOn": [],
                        "policy": {
                            "timeout": "7.00:00:00",
                            "retry": 0,
                            "retryIntervalInSeconds": 30,
                            "secureOutput": false,
                            "secureInput": false
                        },
                        "userProperties": [],
                        "typeProperties": {
                            "source": {
                                "type": "SqlDWSource",
                                "queryTimeout": "02:00:00",
                                "partitionOption": "None"
                            },
                            "sink": {
                                "type": "SqlDWSink",
                                "allowCopyCommand": true,
                                "copyCommandSettings": {}
                            },
                            "enableStaging": true,
                            "stagingSettings": {
                                "linkedServiceName": {
                                    "referenceName": "storage",
                                    "type": "LinkedServiceReference"
                                },
                                "path": "temp"
                            },
                            "translator": {
                                "type": "TabularTranslator",
                                "mappings": [
                                    {
                                        "source": {
                                            "name": "CustomerKey",
                                            "type": "Int32"
                                        },
                                        "sink": {
                                            "name": "CustomerKey",
                                            "type": "Int32"
                                        }
                                    },
                                    {
                                        "source": {
                                            "name": "GeographyKey",
                                            "type": "Int32"
                                        },
                                        "sink": {
                                            "name": "GeographyKey",
                                            "type": "Int32"
                                        }
                                    },
                                    {
                                        "source": {
                                            "name": "CustomerAlternateKey",
                                            "type": "String"
                                        },
                                        "sink": {
                                            "name": "CustomerAlternateKey",
                                            "type": "String"
                                        }
                                    },
                                    {
                                        "source": {
                                            "name": "Title",
                                            "type": "String"
                                        },
                                        "sink": {
                                            "name": "Title",
                                            "type": "String"
                                        }
                                    },
                                    {
                                        "source": {
                                            "name": "FirstName",
                                            "type": "String"
                                        },
                                        "sink": {
                                            "name": "FirstName",
                                            "type": "String"
                                        }
                                    },
                                    {
                                        "source": {
                                            "name": "MiddleName",
                                            "type": "String"
                                        },
                                        "sink": {
                                            "name": "MiddleName",
                                            "type": "String"
                                        }
                                    },
                                    {
                                        "source": {
                                            "name": "LastName",
                                            "type": "String"
                                        },
                                        "sink": {
                                            "name": "LastName",
                                            "type": "String"
                                        }
                                    },
                                    {
                                        "source": {
                                            "name": "NameStyle",
                                            "type": "Boolean"
                                        },
                                        "sink": {
                                            "name": "NameStyle",
                                            "type": "Boolean"
                                        }
                                    },
                                    {
                                        "source": {
                                            "name": "BirthDate",
                                            "type": "DateTime"
                                        },
                                        "sink": {
                                            "name": "BirthDate",
                                            "type": "DateTime"
                                        }
                                    },
                                    {
                                        "source": {
                                            "name": "MaritalStatus",
                                            "type": "String"
                                        },
                                        "sink": {
                                            "name": "MaritalStatus",
                                            "type": "String"
                                        }
                                    },
                                    {
                                        "source": {
                                            "name": "Suffix",
                                            "type": "String"
                                        },
                                        "sink": {
                                            "name": "Suffix",
                                            "type": "String"
                                        }
                                    },
                                    {
                                        "source": {
                                            "name": "Gender",
                                            "type": "String"
                                        },
                                        "sink": {
                                            "name": "Gender",
                                            "type": "String"
                                        }
                                    },
                                    {
                                        "source": {
                                            "name": "EmailAddress",
                                            "type": "String"
                                        },
                                        "sink": {
                                            "name": "EmailAddress",
                                            "type": "String"
                                        }
                                    },
                                    {
                                        "source": {
                                            "name": "YearlyIncome",
                                            "type": "Decimal"
                                        },
                                        "sink": {
                                            "name": "YearlyIncome",
                                            "type": "Decimal"
                                        }
                                    },
                                    {
                                        "source": {
                                            "name": "TotalChildren",
                                            "type": "Byte"
                                        },
                                        "sink": {
                                            "name": "TotalChildren",
                                            "type": "Byte"
                                        }
                                    },
                                    {
                                        "source": {
                                            "name": "NumberChildrenAtHome",
                                            "type": "Byte"
                                        },
                                        "sink": {
                                            "name": "NumberChildrenAtHome",
                                            "type": "Byte"
                                        }
                                    },
                                    {
                                        "source": {
                                            "name": "EnglishEducation",
                                            "type": "String"
                                        },
                                        "sink": {
                                            "name": "EnglishEducation",
                                            "type": "String"
                                        }
                                    },
                                    {
                                        "source": {
                                            "name": "SpanishEducation",
                                            "type": "String"
                                        },
                                        "sink": {
                                            "name": "SpanishEducation",
                                            "type": "String"
                                        }
                                    },
                                    {
                                        "source": {
                                            "name": "FrenchEducation",
                                            "type": "String"
                                        },
                                        "sink": {
                                            "name": "FrenchEducation",
                                            "type": "String"
                                        }
                                    },
                                    {
                                        "source": {
                                            "name": "EnglishOccupation",
                                            "type": "String"
                                        },
                                        "sink": {
                                            "name": "EnglishOccupation",
                                            "type": "String"
                                        }
                                    },
                                    {
                                        "source": {
                                            "name": "SpanishOccupation",
                                            "type": "String"
                                        },
                                        "sink": {
                                            "name": "SpanishOccupation",
                                            "type": "String"
                                        }
                                    },
                                    {
                                        "source": {
                                            "name": "FrenchOccupation",
                                            "type": "String"
                                        },
                                        "sink": {
                                            "name": "FrenchOccupation",
                                            "type": "String"
                                        }
                                    },
                                    {
                                        "source": {
                                            "name": "HouseOwnerFlag",
                                            "type": "String"
                                        },
                                        "sink": {
                                            "name": "HouseOwnerFlag",
                                            "type": "String"
                                        }
                                    },
                                    {
                                        "source": {
                                            "name": "NumberCarsOwned",
                                            "type": "Byte"
                                        },
                                        "sink": {
                                            "name": "NumberCarsOwned",
                                            "type": "Byte"
                                        }
                                    },
                                    {
                                        "source": {
                                            "name": "AddressLine1",
                                            "type": "String"
                                        },
                                        "sink": {
                                            "name": "AddressLine1",
                                            "type": "String"
                                        }
                                    },
                                    {
                                        "source": {
                                            "name": "AddressLine2",
                                            "type": "String"
                                        },
                                        "sink": {
                                            "name": "AddressLine2",
                                            "type": "String"
                                        }
                                    },
                                    {
                                        "source": {
                                            "name": "Phone",
                                            "type": "String"
                                        },
                                        "sink": {
                                            "name": "Phone",
                                            "type": "String"
                                        }
                                    },
                                    {
                                        "source": {
                                            "name": "DateFirstPurchase",
                                            "type": "DateTime"
                                        },
                                        "sink": {
                                            "name": "DateFirstPurchase",
                                            "type": "DateTime"
                                        }
                                    },
                                    {
                                        "source": {
                                            "name": "CommuteDistance",
                                            "type": "String"
                                        },
                                        "sink": {
                                            "name": "CommuteDistance",
                                            "type": "String"
                                        }
                                    }
                                ]
                            }
                        },
                        "inputs": [
                            {
                                "referenceName": "EXTERNAL_DIMCUSTOMER",
                                "type": "DatasetReference",
                                "parameters": {}
                            }
                        ],
                        "outputs": [
                            {
                                "referenceName": "DIM_DIMCUSTOMER",
                                "type": "DatasetReference",
                                "parameters": {}
                            }
                        ]
                    }
                ],
                "policy": {
                    "elapsedTimeMetric": {},
                    "cancelAfter": {}
                },
                "annotations": []
            },
            "dependsOn": [
                "[concat(variables('factoryId'), '/datasets/EXTERNAL_DIMCUSTOMER')]",
                "[concat(variables('factoryId'), '/datasets/DIM_DIMCUSTOMER')]",
                "[concat(variables('factoryId'), '/linkedServices/storage')]"
            ]
        },
        {
            "name": "[concat(parameters('factoryName'), '/DIM_DIMCUSTOMER')]",
            "type": "Microsoft.DataFactory/factories/datasets",
            "apiVersion": "2018-06-01",
            "properties": {
                "linkedServiceName": {
                    "referenceName": "SYNAPSE",
                    "type": "LinkedServiceReference"
                },
                "annotations": [],
                "type": "AzureSqlDWTable",
                "schema": [
                    {
                        "name": "CustomerKey",
                        "type": "int",
                        "precision": 10
                    },
                    {
                        "name": "GeographyKey",
                        "type": "int",
                        "precision": 10
                    },
                    {
                        "name": "CustomerAlternateKey",
                        "type": "nvarchar"
                    },
                    {
                        "name": "Title",
                        "type": "nvarchar"
                    },
                    {
                        "name": "FirstName",
                        "type": "nvarchar"
                    },
                    {
                        "name": "MiddleName",
                        "type": "nvarchar"
                    },
                    {
                        "name": "LastName",
                        "type": "nvarchar"
                    },
                    {
                        "name": "NameStyle",
                        "type": "bit"
                    },
                    {
                        "name": "BirthDate",
                        "type": "date"
                    },
                    {
                        "name": "MaritalStatus",
                        "type": "nchar"
                    },
                    {
                        "name": "Suffix",
                        "type": "nvarchar"
                    },
                    {
                        "name": "Gender",
                        "type": "nvarchar"
                    },
                    {
                        "name": "EmailAddress",
                        "type": "nvarchar"
                    },
                    {
                        "name": "YearlyIncome",
                        "type": "money",
                        "precision": 19,
                        "scale": 4
                    },
                    {
                        "name": "TotalChildren",
                        "type": "tinyint",
                        "precision": 3
                    },
                    {
                        "name": "NumberChildrenAtHome",
                        "type": "tinyint",
                        "precision": 3
                    },
                    {
                        "name": "EnglishEducation",
                        "type": "nvarchar"
                    },
                    {
                        "name": "SpanishEducation",
                        "type": "nvarchar"
                    },
                    {
                        "name": "FrenchEducation",
                        "type": "nvarchar"
                    },
                    {
                        "name": "EnglishOccupation",
                        "type": "nvarchar"
                    },
                    {
                        "name": "SpanishOccupation",
                        "type": "nvarchar"
                    },
                    {
                        "name": "FrenchOccupation",
                        "type": "nvarchar"
                    },
                    {
                        "name": "HouseOwnerFlag",
                        "type": "nchar"
                    },
                    {
                        "name": "NumberCarsOwned",
                        "type": "tinyint",
                        "precision": 3
                    },
                    {
                        "name": "AddressLine1",
                        "type": "nvarchar"
                    },
                    {
                        "name": "AddressLine2",
                        "type": "nvarchar"
                    },
                    {
                        "name": "Phone",
                        "type": "nvarchar"
                    },
                    {
                        "name": "DateFirstPurchase",
                        "type": "date"
                    },
                    {
                        "name": "CommuteDistance",
                        "type": "nvarchar"
                    }
                ],
                "typeProperties": {
                    "schema": "dim",
                    "table": "DimCustomer"
                }
            },
            "dependsOn": [
                "[concat(variables('factoryId'), '/linkedServices/SYNAPSE')]"
            ]
        },
        {
            "name": "[concat(parameters('factoryName'), '/EXTERNAL_DIMCUSTOMER')]",
            "type": "Microsoft.DataFactory/factories/datasets",
            "apiVersion": "2018-06-01",
            "properties": {
                "linkedServiceName": {
                    "referenceName": "SYNAPSE",
                    "type": "LinkedServiceReference"
                },
                "annotations": [],
                "type": "AzureSqlDWTable",
                "schema": [
                    {
                        "name": "CustomerKey",
                        "type": "int",
                        "precision": 10
                    },
                    {
                        "name": "GeographyKey",
                        "type": "int",
                        "precision": 10
                    },
                    {
                        "name": "CustomerAlternateKey",
                        "type": "nvarchar"
                    },
                    {
                        "name": "Title",
                        "type": "nvarchar"
                    },
                    {
                        "name": "FirstName",
                        "type": "nvarchar"
                    },
                    {
                        "name": "MiddleName",
                        "type": "nvarchar"
                    },
                    {
                        "name": "LastName",
                        "type": "nvarchar"
                    },
                    {
                        "name": "NameStyle",
                        "type": "bit"
                    },
                    {
                        "name": "BirthDate",
                        "type": "date"
                    },
                    {
                        "name": "MaritalStatus",
                        "type": "nchar"
                    },
                    {
                        "name": "Suffix",
                        "type": "nvarchar"
                    },
                    {
                        "name": "Gender",
                        "type": "nvarchar"
                    },
                    {
                        "name": "EmailAddress",
                        "type": "nvarchar"
                    },
                    {
                        "name": "YearlyIncome",
                        "type": "money",
                        "precision": 19,
                        "scale": 4
                    },
                    {
                        "name": "TotalChildren",
                        "type": "tinyint",
                        "precision": 3
                    },
                    {
                        "name": "NumberChildrenAtHome",
                        "type": "tinyint",
                        "precision": 3
                    },
                    {
                        "name": "EnglishEducation",
                        "type": "nvarchar"
                    },
                    {
                        "name": "SpanishEducation",
                        "type": "nvarchar"
                    },
                    {
                        "name": "FrenchEducation",
                        "type": "nvarchar"
                    },
                    {
                        "name": "EnglishOccupation",
                        "type": "nvarchar"
                    },
                    {
                        "name": "SpanishOccupation",
                        "type": "nvarchar"
                    },
                    {
                        "name": "FrenchOccupation",
                        "type": "nvarchar"
                    },
                    {
                        "name": "HouseOwnerFlag",
                        "type": "nchar"
                    },
                    {
                        "name": "NumberCarsOwned",
                        "type": "tinyint",
                        "precision": 3
                    },
                    {
                        "name": "AddressLine1",
                        "type": "nvarchar"
                    },
                    {
                        "name": "AddressLine2",
                        "type": "nvarchar"
                    },
                    {
                        "name": "Phone",
                        "type": "nvarchar"
                    },
                    {
                        "name": "DateFirstPurchase",
                        "type": "date"
                    },
                    {
                        "name": "CommuteDistance",
                        "type": "nvarchar"
                    }
                ],
                "typeProperties": {
                    "schema": "dbo",
                    "table": "DimCustomer"
                }
            },
            "dependsOn": [
                "[concat(variables('factoryId'), '/linkedServices/SYNAPSE')]"
            ]
        },
        {
            "name": "[concat(parameters('factoryName'), '/LIST_FILE')]",
            "type": "Microsoft.DataFactory/factories/datasets",
            "apiVersion": "2018-06-01",
            "properties": {
                "linkedServiceName": {
                    "referenceName": "storage",
                    "type": "LinkedServiceReference"
                },
                "parameters": {
                    "CONTAINER": {
                        "type": "string",
                        "defaultValue": "landing"
                    },
                    "FOLDER_PATH": {
                        "type": "string",
                        "defaultValue": "adventureworks"
                    }
                },
                "annotations": [],
                "type": "Json",
                "typeProperties": {
                    "location": {
                        "type": "AzureBlobFSLocation",
                        "folderPath": {
                            "value": "@dataset().FOLDER_PATH",
                            "type": "Expression"
                        },
                        "fileSystem": {
                            "value": "@dataset().CONTAINER",
                            "type": "Expression"
                        }
                    }
                },
                "schema": {}
            },
            "dependsOn": [
                "[concat(variables('factoryId'), '/linkedServices/storage')]"
            ]
        },
        {
            "name": "[concat(parameters('factoryName'), '/SYNAPSE')]",
            "type": "Microsoft.DataFactory/factories/linkedServices",
            "apiVersion": "2018-06-01",
            "properties": {
                "annotations": [],
                "type": "AzureSqlDW",
                "typeProperties": {
                    "connectionString": "[parameters('SYNAPSE_connectionString')]"
                }
            },
            "dependsOn": []
        },
        {
            "name": "[concat(parameters('factoryName'), '/storage')]",
            "type": "Microsoft.DataFactory/factories/linkedServices",
            "apiVersion": "2018-06-01",
            "properties": {
                "annotations": [],
                "type": "AzureBlobFS",
                "typeProperties": {
                    "url": "[parameters('storage_properties_typeProperties_url')]"
                }
            },
            "dependsOn": []
        }
    ]
}